date,store_id,sku_id,final_price,promo_flag,promo_depth,base_price,pred_units,revenue,margin
2024-03-01,S01,SKU001,10.49,0,0.0,10.49,10.26335334777832,107.66257661819458,64.55649255752563
2024-03-01,S01,SKU002,15.49,0,0.0,15.49,19.432931900024414,301.01611513137817,170.81547140121458
2024-03-01,S01,SKU003,21.99,0,0.0,21.99,10.516739845275879,231.26310919761656,131.3540806674957
2024-03-01,S02,SKU001,10.49,0,0.0,10.49,10.268977165222168,107.72157046318054,64.59186636924744
2024-03-01,S02,SKU002,15.49,0,0.0,15.49,10.098705291748047,156.42894496917725,88.76761951446534
2024-03-01,S02,SKU003,21.99,0,0.0,21.99,10.644996643066406,234.08347618103025,132.9560080718994
2024-03-01,S03,SKU001,10.49,0,0.0,10.49,9.381014823913574,98.4068455028534,59.00658324241639
2024-03-01,S03,SKU002,15.49,0,0.0,15.49,10.26335334777832,158.97934335708618,90.21487592697143
2024-03-01,S03,SKU003,21.99,0,0.0,21.99,19.432931900024414,427.33017248153686,242.71731943130493
2024-03-01,S04,SKU001,10.49,0,0.0,10.49,10.516739845275879,110.32060097694398,66.15029362678528
2024-03-01,S04,SKU002,15.49,0,0.0,15.49,10.268977165222168,159.06645628929138,90.26430928230285
2024-03-01,S04,SKU003,21.99,0,0.0,21.99,10.098705291748047,222.07052936553953,126.13282909393308
2024-03-01,S05,SKU001,10.49,0,0.0,10.49,10.644996643066406,111.6660147857666,66.9570288848877
2024-03-01,S05,SKU002,15.49,0,0.0,15.49,9.381014823913574,145.31191962242127,82.45912030220032
2024-03-01,S05,SKU003,21.99,0,0.0,21.99,10.26335334777832,225.69114011764526,128.18928331375122
2024-03-02,S01,SKU001,9.091333333333331,1,0.1333333333333334,10.49,19.432931900024414,176.6712615470886,95.05294756698605
2024-03-02,S01,SKU002,13.424666666666669,1,0.1333333333333333,15.49,10.516739845275879,141.18372684288028,70.72156987953188
2024-03-02,S01,SKU003,17.592,1,0.2,21.99,10.268977165222168,180.65184629058837,83.09656322097777
2024-03-02,S02,SKU001,9.091333333333331,1,0.1333333333333334,10.49,10.098705291748047,91.81069604237872,49.396133817036926
2024-03-02,S02,SKU002,13.424666666666669,1,0.1333333333333333,15.49,10.644996643066406,142.90553160095217,71.58405409240724
2024-03-02,S02,SKU003,17.592,1,0.2,21.99,9.381014823913574,165.0308127822876,75.91117195510864
2024-03-02,S03,SKU001,9.091333333333331,1,0.1333333333333334,10.49,10.26335334777832,93.30756640243528,50.20148234176634
2024-03-02,S03,SKU002,13.424666666666669,1,0.1333333333333333,15.49,19.432931900024414,260.8806331138611,130.67998938369752
2024-03-02,S03,SKU003,17.592,1,0.2,21.99,10.516739845275879,185.01048735809326,85.10145882797241
2024-03-02,S04,SKU001,9.091333333333331,1,0.1333333333333334,10.49,10.268977165222168,93.35869440142312,50.228990307490015
2024-03-02,S04,SKU002,13.424666666666669,1,0.1333333333333333,15.49,10.098705291748047,135.5717523066203,67.9104268519084
2024-03-02,S04,SKU003,17.592,1,0.2,21.99,10.644996643066406,187.2667809448242,86.13931283569335
2024-03-02,S05,SKU001,9.091333333333331,1,0.1333333333333334,10.49,9.381014823913574,85.28593276913959,45.88567050870258
2024-03-02,S05,SKU002,13.424666666666669,1,0.1333333333333333,15.49,10.26335334777832,137.78209757614138,69.01763014602663
2024-03-02,S05,SKU003,17.592,1,0.2,21.99,19.432931900024414,341.8641379852295,157.25128493499756
2024-03-03,S01,SKU001,10.49,0,0.0,10.49,10.249534606933594,107.5176180267334,64.4695726776123
2024-03-03,S01,SKU002,15.49,0,0.0,15.49,22.50555992126465,348.6111231803894,197.82387170791628
2024-03-03,S01,SKU003,21.99,0,0.0,21.99,10.608399391174316,233.2787026119232,132.4989083957672
2024-03-03,S02,SKU001,10.49,0,0.0,10.49,10.196045875549316,106.95652123451234,64.1331285572052
2024-03-03,S02,SKU002,15.49,0,0.0,15.49,10.242185592651367,158.65145483016968,90.02881135940552
2024-03-03,S02,SKU003,21.99,0,0.0,21.99,10.582484245300293,232.70882855415343,132.17522822380064
2024-03-03,S03,SKU001,10.49,0,0.0,10.49,9.451744079589844,99.14879539489746,59.45147026062012
2024-03-03,S03,SKU002,15.49,0,0.0,15.49,10.249534606933594,158.76529106140137,90.09340919494629
2024-03-03,S03,SKU003,21.99,0,0.0,21.99,22.50555992126465,494.8972626686096,281.0944434165954
2024-03-03,S04,SKU001,10.49,0,0.0,10.49,10.608399391174316,111.28210961341858,66.72683217048646
2024-03-03,S04,SKU002,15.49,0,0.0,15.49,10.196045875549316,157.93675061225892,89.6232432460785
2024-03-03,S04,SKU003,21.99,0,0.0,21.99,10.242185592651367,225.22566118240354,127.92489805221555
2024-03-03,S05,SKU001,10.49,0,0.0,10.49,10.582484245300293,111.01025973320007,66.56382590293885
2024-03-03,S05,SKU002,15.49,0,0.0,15.49,9.451744079589844,146.40751579284668,83.08083045959472
2024-03-03,S05,SKU003,21.99,0,0.0,21.99,10.249534606933594,225.3872660064697,128.01668724060056
2024-03-04,S01,SKU001,10.49,0,0.0,10.49,22.50555992126465,236.08332357406616,141.55997190475463
2024-03-04,S01,SKU002,15.49,0,0.0,15.49,10.608399391174316,164.32410656929017,93.24783064842224
2024-03-04,S01,SKU003,21.99,0,0.0,21.99,10.196045875549316,224.21104880332945,127.34861298561094
2024-03-04,S02,SKU001,10.49,0,0.0,10.49,10.242185592651367,107.44052686691285,64.4233473777771
2024-03-04,S02,SKU002,15.49,0,0.0,15.49,10.582484245300293,163.92268095970155,93.02003651618959
2024-03-04,S02,SKU003,21.99,0,0.0,21.99,9.451744079589844,207.84385231018064,118.05228355407712
2024-03-04,S03,SKU001,10.49,0,0.0,10.49,10.249534606933594,107.5176180267334,64.4695726776123
2024-03-04,S03,SKU002,15.49,0,0.0,15.49,22.50555992126465,348.6111231803894,197.82387170791628
2024-03-04,S03,SKU003,21.99,0,0.0,21.99,10.608399391174316,233.2787026119232,132.4989083957672
2024-03-04,S04,SKU001,10.49,0,0.0,10.49,10.196045875549316,106.95652123451234,64.1331285572052
2024-03-04,S04,SKU002,15.49,0,0.0,15.49,10.242185592651367,158.65145483016968,90.02881135940552
2024-03-04,S04,SKU003,21.99,0,0.0,21.99,10.582484245300293,232.70882855415343,132.17522822380064
2024-03-04,S05,SKU001,10.49,0,0.0,10.49,9.451744079589844,99.14879539489746,59.45147026062012
2024-03-04,S05,SKU002,15.49,0,0.0,15.49,10.249534606933594,158.76529106140137,90.09340919494629
2024-03-04,S05,SKU003,21.99,0,0.0,21.99,22.50555992126465,494.8972626686096,281.0944434165954
2024-03-05,S01,SKU001,10.49,0,0.0,10.49,9.839168548583984,103.212878074646,61.88837017059326
2024-03-05,S01,SKU002,15.49,0,0.0,15.49,28.302152633666992,438.4003442955017,248.77592164993288
2024-03-05,S01,SKU003,21.99,0,0.0,21.99,10.254176139831543,225.48933331489562,128.07465998649596
2024-03-05,S02,SKU001,10.49,0,0.0,10.49,9.783802032470703,102.63208332061768,61.54011478424073
2024-03-05,S02,SKU002,15.49,0,0.0,15.49,9.71056079864502,150.41658677101137,85.35582942008973
2024-03-05,S02,SKU003,21.99,0,0.0,21.99,10.18725872039795,224.0178192615509,127.23886141777038
2024-03-05,S03,SKU001,10.49,0,0.0,10.49,9.011542320251465,94.53107893943786,56.68260119438171
2024-03-05,S03,SKU002,15.49,0,0.0,15.49,9.839168548583984,152.40872081756592,86.48629154205322
2024-03-05,S03,SKU003,21.99,0,0.0,21.99,28.302152633666992,622.3643364143371,353.4938863945007
2024-03-05,S04,SKU001,10.49,0,0.0,10.49,10.254176139831543,107.56630770683289,64.4987679195404
2024-03-05,S04,SKU002,15.49,0,0.0,15.49,9.783802032470703,151.5510934829712,85.99961986541749
2024-03-05,S04,SKU003,21.99,0,0.0,21.99,9.71056079864502,213.53523196220397,121.28490437507628
2024-03-05,S05,SKU001,10.49,0,0.0,10.49,10.18725872039795,106.8643439769745,64.07785735130311
2024-03-05,S05,SKU002,15.49,0,0.0,15.49,9.011542320251465,139.5887905406952,79.21145699501037
2024-03-05,S05,SKU003,21.99,0,0.0,21.99,9.839168548583984,216.3633163833618,122.89121517181394
2024-03-06,S01,SKU001,10.49,0,0.0,10.49,28.302152633666992,296.88958112716676,178.02054006576537
2024-03-06,S01,SKU002,15.49,0,0.0,15.49,10.254176139831543,158.83718840599062,90.13420826911927
2024-03-06,S01,SKU003,21.99,0,0.0,21.99,9.783802032470703,215.14580669403074,122.19968738555906
2024-03-06,S02,SKU001,10.49,0,0.0,10.49,9.71056079864502,101.86378277778626,61.07942742347717
2024-03-06,S02,SKU002,15.49,0,0.0,15.49,10.18725872039795,157.80063757896423,89.54600415229797
2024-03-06,S02,SKU003,21.99,0,0.0,21.99,9.011542320251465,198.1638156223297,112.55416357994079
2024-03-06,S03,SKU001,10.49,0,0.0,10.49,9.839168548583984,103.212878074646,61.88837017059326
2024-03-06,S03,SKU002,15.49,0,0.0,15.49,28.302152633666992,438.4003442955017,248.77592164993288
2024-03-06,S03,SKU003,21.99,0,0.0,21.99,10.254176139831543,225.48933331489562,128.07465998649596
2024-03-06,S04,SKU001,10.49,0,0.0,10.49,9.783802032470703,102.63208332061768,61.54011478424073
2024-03-06,S04,SKU002,15.49,0,0.0,15.49,9.71056079864502,150.41658677101137,85.35582942008973
2024-03-06,S04,SKU003,21.99,0,0.0,21.99,10.18725872039795,224.0178192615509,127.23886141777038
2024-03-06,S05,SKU001,10.49,0,0.0,10.49,9.011542320251465,94.53107893943786,56.68260119438171
2024-03-06,S05,SKU002,15.49,0,0.0,15.49,9.839168548583984,152.40872081756592,86.48629154205322
2024-03-06,S05,SKU003,21.99,0,0.0,21.99,28.302152633666992,622.3643364143371,353.4938863945007
2024-03-07,S01,SKU001,10.49,0,0.0,10.49,10.210463523864746,107.10776236534119,64.22381556510925
2024-03-07,S01,SKU002,15.49,0,0.0,15.49,19.850433349609375,307.4832125854492,174.48530914306642
2024-03-07,S01,SKU003,21.99,0,0.0,21.99,10.779769897460938,237.047140045166,134.6393260192871
2024-03-07,S02,SKU001,10.49,0,0.0,10.49,10.337811470031738,108.44364232063293,65.02483414649963
2024-03-07,S02,SKU002,15.49,0,0.0,15.49,10.38656997680664,160.88796894073488,91.29795009613038
2024-03-07,S02,SKU003,21.99,0,0.0,21.99,10.646470069885254,234.11587683677672,132.9744111728668
2024-03-07,S03,SKU001,10.49,0,0.0,10.49,9.702229499816895,101.77638745307922,61.02702355384827
2024-03-07,S03,SKU002,15.49,0,0.0,15.49,10.210463523864746,158.16007998466492,89.74997437477111
2024-03-07,S03,SKU003,21.99,0,0.0,21.99,19.850433349609375,436.5110293579101,247.93191253662104
2024-03-07,S04,SKU001,10.49,0,0.0,10.49,10.779769897460938,113.07978622436524,67.80475265502929
2024-03-07,S04,SKU002,15.49,0,0.0,15.49,10.337811470031738,160.13269967079162,90.86936282157897
2024-03-07,S04,SKU003,21.99,0,0.0,21.99,10.38656997680664,228.40067378997801,129.72825901031493
2024-03-07,S05,SKU001,10.49,0,0.0,10.49,10.646470069885254,111.68147103309632,66.96629673957824
2024-03-07,S05,SKU002,15.49,0,0.0,15.49,9.702229499816895,150.2875349521637,85.2825973033905
2024-03-07,S05,SKU003,21.99,0,0.0,21.99,10.210463523864746,224.52809288978574,127.52868941307065
2024-03-08,S01,SKU001,10.49,0,0.0,10.49,19.850433349609375,208.23104583740235,124.85922576904296
2024-03-08,S01,SKU002,15.49,0,0.0,15.49,10.779769897460938,166.97863571166994,94.75417739868165
2024-03-08,S01,SKU003,21.99,0,0.0,21.99,10.337811470031738,227.32847422599792,129.1192652606964
2024-03-08,S02,SKU001,10.49,0,0.0,10.49,10.38656997680664,108.95511905670166,65.33152515411376
2024-03-08,S02,SKU002,15.49,0,0.0,15.49,10.646470069885254,164.9138213825226,93.58247191429139
2024-03-08,S02,SKU003,21.99,0,0.0,21.99,9.702229499816895,213.35202670097348,121.18084645271298
2024-03-08,S03,SKU001,10.49,0,0.0,10.49,10.210463523864746,107.10776236534119,64.22381556510925
2024-03-08,S03,SKU002,15.49,0,0.0,15.49,19.850433349609375,307.4832125854492,174.48530914306642
2024-03-08,S03,SKU003,21.99,0,0.0,21.99,10.779769897460938,237.047140045166,134.6393260192871
2024-03-08,S04,SKU001,10.49,0,0.0,10.49,10.337811470031738,108.44364232063293,65.02483414649963
2024-03-08,S04,SKU002,15.49,0,0.0,15.49,10.38656997680664,160.88796894073488,91.29795009613038
2024-03-08,S04,SKU003,21.99,0,0.0,21.99,10.646470069885254,234.11587683677672,132.9744111728668
2024-03-08,S05,SKU001,10.49,0,0.0,10.49,9.702229499816895,101.77638745307922,61.02702355384827
2024-03-08,S05,SKU002,15.49,0,0.0,15.49,10.210463523864746,158.16007998466492,89.74997437477111
2024-03-08,S05,SKU003,21.99,0,0.0,21.99,19.850433349609375,436.5110293579101,247.93191253662104
2024-03-09,S01,SKU001,9.091333333333331,1,0.1333333333333334,10.49,10.546171188354492,95.87875766372679,51.58483867263792
2024-03-09,S01,SKU002,13.424666666666669,1,0.1333333333333333,15.49,22.604679107666016,303.4602821273804,152.0089321060181
2024-03-09,S01,SKU003,17.592,1,0.2,21.99,11.135217666625977,195.89074919128416,90.10618135833738
2024-03-09,S02,SKU001,9.091333333333331,1,0.1333333333333334,10.49,10.61440658569336,96.49910840606687,51.91860074615476
2024-03-09,S02,SKU002,13.424666666666669,1,0.1333333333333333,15.49,10.587845802307129,142.13830061403914,71.19973373858137
2024-03-09,S02,SKU003,17.592,1,0.2,21.99,10.93348217010498,192.3418183364868,88.47373772048948
2024-03-09,S03,SKU001,9.091333333333331,1,0.1333333333333334,10.49,9.99448299407959,90.8631763935089,48.88634781837462
2024-03-09,S03,SKU002,13.424666666666669,1,0.1333333333333333,15.49,10.546171188354492,141.57883281326295,70.91948585128785
2024-03-09,S03,SKU003,17.592,1,0.2,21.99,22.604679107666016,397.6615148620605,182.91706333923338
2024-03-09,S04,SKU001,9.091333333333331,1,0.1333333333333334,10.49,11.135217666625977,101.23397554651893,54.466061346689834
2024-03-09,S04,SKU002,13.424666666666669,1,0.1333333333333333,15.49,10.61440658569336,142.4948702774048,71.37834615325929
2024-03-09,S04,SKU003,17.592,1,0.2,21.99,10.587845802307129,186.261383354187,85.67684823226926
2024-03-09,S05,SKU001,9.091333333333331,1,0.1333333333333334,10.49,10.93348217010498,99.39993090248106,53.47930578804014
2024-03-09,S05,SKU002,13.424666666666669,1,0.1333333333333333,15.49,9.99448299407959,134.17260270118715,67.2095666408539
2024-03-09,S05,SKU003,17.592,1,0.2,21.99,10.546171188354492,185.5282435455322,85.33961725616453
2024-03-10,S01,SKU001,10.49,0,0.0,10.49,22.604679107666016,237.1230838394165,142.18343158721922
2024-03-10,S01,SKU002,15.49,0,0.0,15.49,11.135217666625977,172.48452165603638,97.87856328964233
2024-03-10,S01,SKU003,21.99,0,0.0,21.99,10.61440658569336,233.41080081939697,132.57393825531005
2024-03-10,S02,SKU001,10.49,0,0.0,10.49,10.587845802307129,111.06650246620178,66.59755009651184
2024-03-10,S02,SKU002,15.49,0,0.0,15.49,10.93348217010498,169.35963881492614,96.10530827522277
2024-03-10,S02,SKU003,21.99,0,0.0,21.99,9.99448299407959,219.77868103981015,124.83109259605405
2024-03-10,S03,SKU001,10.49,0,0.0,10.49,10.546171188354492,110.62933576583862,66.33541677474975
2024-03-10,S03,SKU002,15.49,0,0.0,15.49,22.604679107666016,350.1464793777466,198.69512935638426
2024-03-10,S03,SKU003,21.99,0,0.0,21.99,11.135217666625977,244.8634364891052,139.07886865615842
2024-03-10,S04,SKU001,10.49,0,0.0,10.49,10.61440658569336,111.34512508392334,66.76461742401122
2024-03-10,S04,SKU002,15.49,0,0.0,15.49,10.587845802307129,164.00573147773744,93.06716460227968
2024-03-10,S04,SKU003,21.99,0,0.0,21.99,10.93348217010498,240.42727292060852,136.5591923046112
2024-03-10,S05,SKU001,10.49,0,0.0,10.49,9.99448299407959,104.8421266078949,62.86529803276062
2024-03-10,S05,SKU002,15.49,0,0.0,15.49,10.546171188354492,163.36019170761108,92.70084474563598
2024-03-10,S05,SKU003,21.99,0,0.0,21.99,22.604679107666016,497.0768935775757,282.3324420547485
2024-03-11,S01,SKU001,10.49,0,0.0,10.49,10.23488998413086,107.36399593353272,64.37745800018311
2024-03-11,S01,SKU002,15.49,0,0.0,15.49,28.311017990112305,438.5376686668396,248.85384813308713
2024-03-11,S01,SKU003,21.99,0,0.0,21.99,10.782350540161133,237.1038883781433,134.67155824661253
2024-03-11,S02,SKU001,10.49,0,0.0,10.49,10.301247596740723,108.06008728981018,64.79484738349915
2024-03-11,S02,SKU002,15.49,0,0.0,15.49,10.291705131530762,159.4185124874115,90.4640881061554
2024-03-11,S02,SKU003,21.99,0,0.0,21.99,10.637341499328613,233.9151395702362,132.86039532661437
2024-03-11,S03,SKU001,10.49,0,0.0,10.49,9.695960998535156,101.7106308746338,60.98759468078614
2024-03-11,S03,SKU002,15.49,0,0.0,15.49,10.23488998413086,158.53844585418702,89.96468296051026
2024-03-11,S03,SKU003,21.99,0,0.0,21.99,28.311017990112305,622.5592856025695,353.6046146965026
2024-03-11,S04,SKU001,10.49,0,0.0,10.49,10.782350540161133,113.10685716629028,67.82098489761353
2024-03-11,S04,SKU002,15.49,0,0.0,15.49,10.301247596740723,159.5663252735138,90.54796637535095
2024-03-11,S04,SKU003,21.99,0,0.0,21.99,10.291705131530762,226.31459584236143,128.5433970928192
2024-03-11,S05,SKU001,10.49,0,0.0,10.49,10.637341499328613,111.58571232795715,66.90887803077698
2024-03-11,S05,SKU002,15.49,0,0.0,15.49,9.695960998535156,150.19043586730956,85.22749717712401
2024-03-11,S05,SKU003,21.99,0,0.0,21.99,10.23488998413086,225.06523075103757,127.83377590179441
2024-03-12,S01,SKU001,10.49,0,0.0,10.49,28.311017990112305,296.98257871627806,178.07630315780636
2024-03-12,S01,SKU002,15.49,0,0.0,15.49,10.782350540161133,167.01860986709596,94.77686124801637
2024-03-12,S01,SKU003,21.99,0,0.0,21.99,10.301247596740723,226.52443465232847,128.6625824832916
2024-03-12,S02,SKU001,10.49,0,0.0,10.49,10.291705131530762,107.9599868297577,64.7348252773285
2024-03-12,S02,SKU002,15.49,0,0.0,15.49,10.637341499328613,164.77241982460023,93.50223177909852
2024-03-12,S02,SKU003,21.99,0,0.0,21.99,9.695960998535156,213.21418235778808,121.10255287170409
2024-03-12,S03,SKU001,10.49,0,0.0,10.49,10.23488998413086,107.36399593353272,64.37745800018311
2024-03-12,S03,SKU002,15.49,0,0.0,15.49,28.311017990112305,438.5376686668396,248.85384813308713
2024-03-12,S03,SKU003,21.99,0,0.0,21.99,10.782350540161133,237.1038883781433,134.67155824661253
2024-03-12,S04,SKU001,10.49,0,0.0,10.49,10.301247596740723,108.06008728981018,64.79484738349915
2024-03-12,S04,SKU002,15.49,0,0.0,15.49,10.291705131530762,159.4185124874115,90.4640881061554
2024-03-12,S04,SKU003,21.99,0,0.0,21.99,10.637341499328613,233.9151395702362,132.86039532661437
2024-03-12,S05,SKU001,10.49,0,0.0,10.49,9.695960998535156,101.7106308746338,60.98759468078614
2024-03-12,S05,SKU002,15.49,0,0.0,15.49,10.23488998413086,158.53844585418702,89.96468296051026
2024-03-12,S05,SKU003,21.99,0,0.0,21.99,28.311017990112305,622.5592856025695,353.6046146965026
2024-03-13,S01,SKU001,10.49,0,0.0,10.49,10.754048347473145,112.80996716499328,67.64296410560607
2024-03-13,S01,SKU002,15.49,0,0.0,15.49,19.326793670654297,299.37203395843505,169.88251636505126
2024-03-13,S01,SKU003,21.99,0,0.0,21.99,11.12978744506836,244.7440259170532,139.01104518890378
2024-03-13,S02,SKU001,10.49,0,0.0,10.49,10.75265121459961,112.7953112411499,67.63417613983154
2024-03-13,S02,SKU002,15.49,0,0.0,15.49,10.827190399169922,167.7131792831421,95.17100360870361
2024-03-13,S02,SKU003,21.99,0,0.0,21.99,11.157464981079102,245.35265493392941,139.35673761367795
2024-03-13,S03,SKU001,10.49,0,0.0,10.49,10.142849922180176,106.39849568367005,63.79852601051331
2024-03-13,S03,SKU002,15.49,0,0.0,15.49,10.754048347473145,166.580208902359,94.52808497428893
2024-03-13,S03,SKU003,21.99,0,0.0,21.99,19.326793670654297,424.996192817688,241.39165294647216
2024-03-13,S04,SKU001,10.49,0,0.0,10.49,11.12978744506836,116.75147029876709,70.00636302947999
2024-03-13,S04,SKU002,15.49,0,0.0,15.49,10.75265121459961,166.55856731414795,94.51580417633056
2024-03-13,S04,SKU003,21.99,0,0.0,21.99,10.827190399169922,238.08991687774656,135.2316080856323
2024-03-13,S05,SKU001,10.49,0,0.0,10.49,11.157464981079102,117.04180765151978,70.18045473098755
2024-03-13,S05,SKU002,15.49,0,0.0,15.49,10.142849922180176,157.1127452945709,89.15565081596374
2024-03-13,S05,SKU003,21.99,0,0.0,21.99,10.754048347473145,236.48152316093444,134.31806385993957
2024-03-14,S01,SKU001,10.49,0,0.0,10.49,19.326793670654297,202.73806560516357,121.56553218841552
2024-03-14,S01,SKU002,15.49,0,0.0,15.49,11.12978744506836,172.40040752410889,97.83083164215087
2024-03-14,S01,SKU003,21.99,0,0.0,21.99,10.75265121459961,236.45080020904538,134.3006136703491
2024-03-14,S02,SKU001,10.49,0,0.0,10.49,10.827190399169922,113.57722728729249,68.10302761077881
2024-03-14,S02,SKU002,15.49,0,0.0,15.49,11.157464981079102,172.82913255691528,98.0741171836853
2024-03-14,S02,SKU003,21.99,0,0.0,21.99,10.142849922180176,223.04126978874206,126.68419552803039
2024-03-14,S03,SKU001,10.49,0,0.0,10.49,10.754048347473145,112.80996716499328,67.64296410560607
2024-03-14,S03,SKU002,15.49,0,0.0,15.49,19.326793670654297,299.37203395843505,169.88251636505126
2024-03-14,S03,SKU003,21.99,0,0.0,21.99,11.12978744506836,244.7440259170532,139.01104518890378
2024-03-14,S04,SKU001,10.49,0,0.0,10.49,10.75265121459961,112.7953112411499,67.63417613983154
2024-03-14,S04,SKU002,15.49,0,0.0,15.49,10.827190399169922,167.7131792831421,95.17100360870361
2024-03-14,S04,SKU003,21.99,0,0.0,21.99,11.157464981079102,245.35265493392941,139.35673761367795
2024-03-14,S05,SKU001,10.49,0,0.0,10.49,10.142849922180176,106.39849568367005,63.79852601051331
2024-03-14,S05,SKU002,15.49,0,0.0,15.49,10.754048347473145,166.580208902359,94.52808497428893
2024-03-14,S05,SKU003,21.99,0,0.0,21.99,19.326793670654297,424.996192817688,241.39165294647216
2024-03-15,S01,SKU001,10.49,0,0.0,10.49,10.874914169311523,114.07784963607789,68.40321012496949
2024-03-15,S01,SKU002,15.49,0,0.0,15.49,22.52862548828125,348.9684088134766,198.02661804199218
2024-03-15,S01,SKU003,21.99,0,0.0,21.99,11.270393371582031,247.83595024108885,140.76721321105956
2024-03-15,S02,SKU001,10.49,0,0.0,10.49,10.814404487609863,113.44310307502747,68.02260422706604
2024-03-15,S02,SKU002,15.49,0,0.0,15.49,10.813624382019043,167.50304167747498,95.05175831794739
2024-03-15,S02,SKU003,21.99,0,0.0,21.99,11.229635238647461,246.93967889785765,140.25814413070677
2024-03-15,S03,SKU001,10.49,0,0.0,10.49,10.220260620117188,107.2105339050293,64.2854393005371
2024-03-15,S03,SKU002,15.49,0,0.0,15.49,10.874914169311523,168.4524204826355,95.59049554824828
2024-03-15,S03,SKU003,21.99,0,0.0,21.99,22.52862548828125,495.40447448730464,281.38253234863276
2024-03-15,S04,SKU001,10.49,0,0.0,10.49,11.270393371582031,118.22642646789551,70.89077430725098
2024-03-15,S04,SKU002,15.49,0,0.0,15.49,10.814404487609863,167.51512551307678,95.0586154460907
2024-03-15,S04,SKU003,21.99,0,0.0,21.99,10.813624382019043,237.79160016059873,135.06216853141783
2024-03-15,S05,SKU001,10.49,0,0.0,10.49,11.229635238647461,117.79887365341187,70.63440565109254
2024-03-15,S05,SKU002,15.49,0,0.0,15.49,10.220260620117188,158.31183700561525,89.83609085083009
2024-03-15,S05,SKU003,21.99,0,0.0,21.99,10.874914169311523,239.1393625831604,135.82767797470092
2024-03-16,S01,SKU001,9.091333333333331,1,0.1333333333333334,10.49,22.52862548828125,204.81524385579422,110.19501680501297
2024-03-16,S01,SKU002,13.424666666666669,1,0.1333333333333333,15.49,11.270393371582031,151.30127421569827,75.78963862609866
2024-03-16,S01,SKU003,17.592,1,0.2,21.99,10.814404487609863,190.2470037460327,87.510161113739
2024-03-16,S02,SKU001,9.091333333333331,1,0.1333333333333334,10.49,10.813624382019043,98.31026379839577,52.89304139391579
2024-03-16,S02,SKU002,13.424666666666669,1,0.1333333333333333,15.49,11.229635238647461,150.75410986709596,75.51555376815797
2024-03-16,S02,SKU003,17.592,1,0.2,21.99,10.220260620117188,179.79482482910154,82.70234893798826
2024-03-16,S03,SKU001,9.091333333333331,1,0.1333333333333334,10.49,10.874914169311523,98.8674696846008,53.1928301734924
2024-03-16,S03,SKU002,13.424666666666669,1,0.1333333333333333,15.49,22.52862548828125,302.4392876383464,151.497496866862
2024-03-16,S03,SKU003,17.592,1,0.2,21.99,11.270393371582031,198.26876019287107,91.20002316284177
2024-03-16,S04,SKU001,9.091333333333331,1,0.1333333333333334,10.49,10.814404487609863,98.31735599835712,52.89685715039569
2024-03-16,S04,SKU002,13.424666666666669,1,0.1333333333333333,15.49,10.813624382019043,145.169302787145,72.7180194276174
2024-03-16,S04,SKU003,17.592,1,0.2,21.99,11.229635238647461,197.5517431182861,90.87020835113523
2024-03-16,S05,SKU001,9.091333333333331,1,0.1333333333333334,10.49,10.220260620117188,92.91579605102537,49.99070144653318
2024-03-16,S05,SKU002,13.424666666666669,1,0.1333333333333333,15.49,10.874914169311523,145.99209775161745,73.13017281723025
2024-03-16,S05,SKU003,17.592,1,0.2,21.99,22.52862548828125,396.32357958984375,182.30163745117187
2024-03-17,S01,SKU001,10.49,0,0.0,10.49,10.631115913391113,111.52040593147278,66.8697190952301
2024-03-17,S01,SKU002,15.49,0,0.0,15.49,28.085525512695312,435.0447901916504,246.87176925659182
2024-03-17,S01,SKU003,21.99,0,0.0,21.99,10.98500919342041,241.5603521633148,137.2027648258209
2024-03-17,S02,SKU001,10.49,0,0.0,10.49,10.56872844696045,110.86596140861512,66.47730193138123
2024-03-17,S02,SKU002,15.49,0,0.0,15.49,10.584966659545898,163.96113355636598,93.04185693740845
2024-03-17,S02,SKU003,21.99,0,0.0,21.99,10.950584411621094,240.80335121154783,136.77279930114744
2024-03-17,S03,SKU001,10.49,0,0.0,10.49,9.989219665527344,104.78691429138183,62.83219169616699
2024-03-17,S03,SKU002,15.49,0,0.0,15.49,10.631115913391113,164.67598549842836,93.4475088787079
2024-03-17,S03,SKU003,21.99,0,0.0,21.99,28.085525512695312,617.6007060241699,350.7882136535644
2024-03-17,S04,SKU001,10.49,0,0.0,10.49,10.98500919342041,115.2327464389801,69.09570782661439
2024-03-17,S04,SKU002,15.49,0,0.0,15.49,10.56872844696045,163.70960364341735,92.89912304878234
2024-03-17,S04,SKU003,21.99,0,0.0,21.99,10.584966659545898,232.7634168434143,132.20623357772826
2024-03-17,S05,SKU001,10.49,0,0.0,10.49,10.950584411621094,114.87163047790527,68.87917594909668
2024-03-17,S05,SKU002,15.49,0,0.0,15.49,9.989219665527344,154.73301261901855,87.80524085998535
2024-03-17,S05,SKU003,21.99,0,0.0,21.99,10.631115913391113,233.77823893547057,132.782637758255
2024-03-18,S01,SKU001,10.49,0,0.0,10.49,28.085525512695312,294.61716262817384,176.6579554748535
2024-03-18,S01,SKU002,15.49,0,0.0,15.49,10.98500919342041,170.15779240608217,96.55823081016541
2024-03-18,S01,SKU003,21.99,0,0.0,21.99,10.56872844696045,232.40633854866027,132.003418302536
2024-03-18,S02,SKU001,10.49,0,0.0,10.49,10.584966659545898,111.03630025863647,66.57944028854371
2024-03-18,S02,SKU002,15.49,0,0.0,15.49,10.950584411621094,169.62455253601075,96.25563697814943
2024-03-18,S02,SKU003,21.99,0,0.0,21.99,9.989219665527344,219.6629404449463,124.76535362243652
2024-03-18,S03,SKU001,10.49,0,0.0,10.49,10.631115913391113,111.52040593147278,66.8697190952301
2024-03-18,S03,SKU002,15.49,0,0.0,15.49,28.085525512695312,435.0447901916504,246.87176925659182
2024-03-18,S03,SKU003,21.99,0,0.0,21.99,10.98500919342041,241.5603521633148,137.2027648258209
2024-03-18,S04,SKU001,10.49,0,0.0,10.49,10.56872844696045,110.86596140861512,66.47730193138123
2024-03-18,S04,SKU002,15.49,0,0.0,15.49,10.584966659545898,163.96113355636598,93.04185693740845
2024-03-18,S04,SKU003,21.99,0,0.0,21.99,10.950584411621094,240.80335121154783,136.77279930114744
2024-03-18,S05,SKU001,10.49,0,0.0,10.49,9.989219665527344,104.78691429138183,62.83219169616699
2024-03-18,S05,SKU002,15.49,0,0.0,15.49,10.631115913391113,164.67598549842836,93.4475088787079
2024-03-18,S05,SKU003,21.99,0,0.0,21.99,28.085525512695312,617.6007060241699,350.7882136535644
2024-03-19,S01,SKU001,10.49,0,0.0,10.49,10.926021575927734,114.61396633148193,68.72467571258545
2024-03-19,S01,SKU002,15.49,0,0.0,15.49,19.496374130249023,301.99883527755736,171.3731286048889
2024-03-19,S01,SKU003,21.99,0,0.0,21.99,11.30176067352295,248.52571721076964,141.15899081230162
2024-03-19,S02,SKU001,10.49,0,0.0,10.49,10.83850383758545,113.69590525627136,68.17418913841247
2024-03-19,S02,SKU002,15.49,0,0.0,15.49,10.999163627624512,170.37704459190368,96.68264828681946
2024-03-19,S02,SKU003,21.99,0,0.0,21.99,11.259063720703125,247.58681121826172,140.62570587158203
2024-03-19,S03,SKU001,10.49,0,0.0,10.49,10.362334251403809,108.70088629722595,65.17908244132995
2024-03-19,S03,SKU002,15.49,0,0.0,15.49,10.926021575927734,169.24407421112062,96.0397296524048
2024-03-19,S03,SKU003,21.99,0,0.0,21.99,19.496374130249023,428.725267124176,243.5097128868103
2024-03-19,S04,SKU001,10.49,0,0.0,10.49,11.30176067352295,118.55546946525574,71.08807463645935
2024-03-19,S04,SKU002,15.49,0,0.0,15.49,10.83850383758545,167.88842444419862,95.27044873237611
2024-03-19,S04,SKU003,21.99,0,0.0,21.99,10.999163627624512,241.871608171463,137.37955370903015
2024-03-19,S05,SKU001,10.49,0,0.0,10.49,11.259063720703125,118.10757843017578,70.81951080322264
2024-03-19,S05,SKU002,15.49,0,0.0,15.49,10.362334251403809,160.512557554245,91.08491806983949
2024-03-19,S05,SKU003,21.99,0,0.0,21.99,10.926021575927734,240.26321445465086,136.4660094833374
2024-03-20,S01,SKU001,10.49,0,0.0,10.49,19.496374130249023,204.51696462631227,122.63219327926637
2024-03-20,S01,SKU002,15.49,0,0.0,15.49,11.30176067352295,175.06427283287047,99.34247632026671
2024-03-20,S01,SKU003,21.99,0,0.0,21.99,10.83850383758545,238.338699388504,135.37291293144224
2024-03-20,S02,SKU001,10.49,0,0.0,10.49,10.999163627624512,115.38122645378112,69.18473921775816
2024-03-20,S02,SKU002,15.49,0,0.0,15.49,11.259063720703125,174.4028970336914,98.96717010498047
2024-03-20,S02,SKU003,21.99,0,0.0,21.99,10.362334251403809,227.86773018836973,129.42555480003355
2024-03-20,S03,SKU001,10.49,0,0.0,10.49,10.926021575927734,114.61396633148193,68.72467571258545
2024-03-20,S03,SKU002,15.49,0,0.0,15.49,19.496374130249023,301.99883527755736,171.3731286048889
2024-03-20,S03,SKU003,21.99,0,0.0,21.99,11.30176067352295,248.52571721076964,141.15899081230162
2024-03-20,S04,SKU001,10.49,0,0.0,10.49,10.83850383758545,113.69590525627136,68.17418913841247
2024-03-20,S04,SKU002,15.49,0,0.0,15.49,10.999163627624512,170.37704459190368,96.68264828681946
2024-03-20,S04,SKU003,21.99,0,0.0,21.99,11.259063720703125,247.58681121826172,140.62570587158203
2024-03-20,S05,SKU001,10.49,0,0.0,10.49,10.362334251403809,108.70088629722595,65.17908244132995
2024-03-20,S05,SKU002,15.49,0,0.0,15.49,10.926021575927734,169.24407421112062,96.0397296524048
2024-03-20,S05,SKU003,21.99,0,0.0,21.99,19.496374130249023,428.725267124176,243.5097128868103
2024-03-21,S01,SKU001,10.49,0,0.0,10.49,11.574697494506836,121.41857671737671,72.804847240448
2024-03-21,S01,SKU002,15.49,0,0.0,15.49,23.12894630432129,358.2673782539368,203.30343801498415
2024-03-21,S01,SKU003,21.99,0,0.0,21.99,11.970176696777344,263.22418556213375,149.507506942749
2024-03-21,S02,SKU001,10.49,0,0.0,10.49,11.428067207336426,119.88042500495911,71.88254273414611
2024-03-21,S02,SKU002,15.49,0,0.0,15.49,11.513407707214355,178.34268538475038,101.20285374641419
2024-03-21,S02,SKU003,21.99,0,0.0,21.99,11.859042167663574,260.780337266922,148.11943667411805
2024-03-21,S03,SKU001,10.49,0,0.0,10.49,10.96231460571289,114.99468021392822,68.95295886993408
2024-03-21,S03,SKU002,15.49,0,0.0,15.49,11.574697494506836,179.2920641899109,101.74159097671509
2024-03-21,S03,SKU003,21.99,0,0.0,21.99,23.12894630432129,508.6055292320251,288.88053934097286
2024-03-21,S04,SKU001,10.49,0,0.0,10.49,11.970176696777344,125.56715354919434,75.2924114227295
2024-03-21,S04,SKU002,15.49,0,0.0,15.49,11.428067207336426,177.02076104164124,100.45271075248718
2024-03-21,S04,SKU003,21.99,0,0.0,21.99,11.513407707214355,253.17983548164366,143.8024622631073
2024-03-21,S05,SKU001,10.49,0,0.0,10.49,11.859042167663574,124.4013523387909,74.59337523460388
2024-03-21,S05,SKU002,15.49,0,0.0,15.49,10.96231460571289,169.8062532424927,96.35874538421632
2024-03-21,S05,SKU003,21.99,0,0.0,21.99,11.574697494506836,254.5275979042053,144.56797170639035
2024-03-22,S01,SKU001,10.49,0,0.0,10.49,23.12894630432129,242.62264673233034,145.4810722541809
2024-03-22,S01,SKU002,15.49,0,0.0,15.49,11.970176696777344,185.41803703308105,105.21785316467285
2024-03-22,S01,SKU003,21.99,0,0.0,21.99,11.428067207336426,251.30319788932798,142.73655941963193
2024-03-22,S02,SKU001,10.49,0,0.0,10.49,11.513407707214355,120.77564684867859,72.41933447837829
2024-03-22,S02,SKU002,15.49,0,0.0,15.49,11.859042167663574,183.69656317710877,104.24098065376282
2024-03-22,S02,SKU003,21.99,0,0.0,21.99,10.96231460571289,241.06129817962645,136.919309425354
2024-03-22,S03,SKU001,10.49,0,0.0,10.49,11.574697494506836,121.41857671737671,72.804847240448
2024-03-22,S03,SKU002,15.49,0,0.0,15.49,23.12894630432129,358.2673782539368,203.30343801498415
2024-03-22,S03,SKU003,21.99,0,0.0,21.99,11.970176696777344,263.22418556213375,149.507506942749
2024-03-22,S04,SKU001,10.49,0,0.0,10.49,11.428067207336426,119.88042500495911,71.88254273414611
2024-03-22,S04,SKU002,15.49,0,0.0,15.49,11.513407707214355,178.34268538475038,101.20285374641419
2024-03-22,S04,SKU003,21.99,0,0.0,21.99,11.859042167663574,260.780337266922,148.11943667411805
2024-03-22,S05,SKU001,10.49,0,0.0,10.49,10.96231460571289,114.99468021392822,68.95295886993408
2024-03-22,S05,SKU002,15.49,0,0.0,15.49,11.574697494506836,179.2920641899109,101.74159097671509
2024-03-22,S05,SKU003,21.99,0,0.0,21.99,23.12894630432129,508.6055292320251,288.88053934097286
2024-03-23,S01,SKU001,9.091333333333331,1,0.1333333333333334,10.49,10.956806182861328,99.61197727711993,53.59339130910235
2024-03-23,S01,SKU002,13.424666666666669,1,0.1333333333333333,15.49,28.62567138671875,384.290096476237,192.49809818522138
2024-03-23,S01,SKU003,17.592,1,0.2,21.99,11.310699462890625,198.97782495117187,91.52618005371093
2024-03-23,S02,SKU001,9.091333333333331,1,0.1333333333333334,10.49,10.808298110961914,98.26184089279172,52.86698882675169
2024-03-23,S02,SKU002,13.424666666666669,1,0.1333333333333333,15.49,10.910656929016113,146.47193238639835,73.37053096199038
2024-03-23,S02,SKU003,17.592,1,0.2,21.99,11.256291389465332,198.0206781234741,91.08590992355346
2024-03-23,S03,SKU001,9.091333333333331,1,0.1333333333333334,10.49,10.357182502746582,94.16059852663673,50.66043201510109
2024-03-23,S03,SKU002,13.424666666666669,1,0.1333333333333333,15.49,10.956806182861328,147.09147073618573,73.68086931101483
2024-03-23,S03,SKU003,17.592,1,0.2,21.99,28.62567138671875,503.5828110351562,231.6389328613281
2024-03-23,S04,SKU001,9.091333333333331,1,0.1333333333333334,10.49,11.310699462890625,102.82933905029294,55.32440130615232
2024-03-23,S04,SKU002,13.424666666666669,1,0.1333333333333333,15.49,10.808298110961914,145.09779937362674,72.68220203018191
2024-03-23,S04,SKU003,17.592,1,0.2,21.99,10.910656929016113,191.94027669525144,88.28903586959837
2024-03-23,S05,SKU001,9.091333333333331,1,0.1333333333333334,10.49,11.256291389465332,102.33469711875914,55.058273283004745
2024-03-23,S05,SKU002,13.424666666666669,1,0.1333333333333333,15.49,10.357182502746582,139.0417227052053,69.6485999368032
2024-03-23,S05,SKU003,17.592,1,0.2,21.99,10.956806182861328,192.75213436889646,88.66247563171385
2024-03-24,S01,SKU001,10.49,0,0.0,10.49,28.62567138671875,300.2832928466797,180.05547302246092
2024-03-24,S01,SKU002,15.49,0,0.0,15.49,11.310699462890625,175.20273468017578,99.42104827880858
2024-03-24,S01,SKU003,21.99,0,0.0,21.99,10.808298110961914,237.67447546005246,134.99564340591428
2024-03-24,S02,SKU001,10.49,0,0.0,10.49,10.910656929016113,114.45279118537903,68.62803208351136
2024-03-24,S02,SKU002,15.49,0,0.0,15.49,11.256291389465332,174.35995362281798,98.94280131340025
2024-03-24,S02,SKU003,21.99,0,0.0,21.99,10.357182502746582,227.75444323539733,129.3612094593048
2024-03-24,S03,SKU001,10.49,0,0.0,10.49,10.956806182861328,114.93689685821533,68.91831089019774
2024-03-24,S03,SKU002,15.49,0,0.0,15.49,28.62567138671875,443.4116497802734,251.6196514892578
2024-03-24,S03,SKU003,21.99,0,0.0,21.99,11.310699462890625,248.7222811889648,141.27063629150388
2024-03-24,S04,SKU001,10.49,0,0.0,10.49,10.808298110961914,113.37904718399048,67.98419511795043
2024-03-24,S04,SKU002,15.49,0,0.0,15.49,10.910656929016113,169.0060758304596,95.90467440605163
2024-03-24,S04,SKU003,21.99,0,0.0,21.99,11.256291389465332,247.52584765434264,140.591079454422
2024-03-24,S05,SKU001,10.49,0,0.0,10.49,10.357182502746582,108.64684445381165,65.146677942276
2024-03-24,S05,SKU002,15.49,0,0.0,15.49,10.956806182861328,169.72092777252197,96.31032634735108
2024-03-24,S05,SKU003,21.99,0,0.0,21.99,28.62567138671875,629.4785137939452,357.5346356201171
2024-03-25,S01,SKU001,10.49,0,0.0,10.49,12.447240829467773,130.57155630111694,78.2931448173523
2024-03-25,S01,SKU002,15.49,0,0.0,15.49,20.25987434387207,313.82545358657836,178.0842954826355
2024-03-25,S01,SKU003,21.99,0,0.0,21.99,12.681182861328125,278.85921112060544,158.38797393798825
2024-03-25,S02,SKU001,10.49,0,0.0,10.49,12.311675071716309,129.14947150230407,77.44043620109557
2024-03-25,S02,SKU002,15.49,0,0.0,15.49,12.471817016601562,193.1884455871582,109.62727157592774
2024-03-25,S02,SKU003,21.99,0,0.0,21.99,12.628589630126953,277.7026859664917,157.73108448028563
2024-03-25,S03,SKU001,10.49,0,0.0,10.49,11.84385871887207,124.24207796096802,74.49787134170532
2024-03-25,S03,SKU002,15.49,0,0.0,15.49,12.447240829467773,192.8077604484558,109.41124689102172
2024-03-25,S03,SKU003,21.99,0,0.0,21.99,20.25987434387207,445.5146368217468,253.04583055496215
2024-03-25,S04,SKU001,10.49,0,0.0,10.49,12.681182861328125,133.02560821533203,79.76464019775389
2024-03-25,S04,SKU002,15.49,0,0.0,15.49,12.311675071716309,190.7078468608856,108.21962388038634
2024-03-25,S04,SKU003,21.99,0,0.0,21.99,12.471817016601562,274.25525619506834,155.7729945373535
2024-03-25,S05,SKU001,10.49,0,0.0,10.49,12.628589630126953,132.47390522003175,79.43382877349855
2024-03-25,S05,SKU002,15.49,0,0.0,15.49,11.84385871887207,183.46137155532838,104.10751813888551
2024-03-25,S05,SKU003,21.99,0,0.0,21.99,12.447240829467773,273.7148258399963,155.46603796005246
2024-03-26,S01,SKU001,10.49,0,0.0,10.49,20.25987434387207,212.526081867218,127.4346096229553
2024-03-26,S01,SKU002,15.49,0,0.0,15.49,12.681182861328125,196.43152252197265,111.46759735107422
2024-03-26,S01,SKU003,21.99,0,0.0,21.99,12.311675071716309,270.7337348270416,153.77282164573666
2024-03-26,S02,SKU001,10.49,0,0.0,10.49,12.471817016601562,130.8293605041504,78.44772903442384
2024-03-26,S02,SKU002,15.49,0,0.0,15.49,12.628589630126953,195.61685337066652,111.00530284881593
2024-03-26,S02,SKU003,21.99,0,0.0,21.99,11.84385871887207,260.4464532279968,147.92979539871214
2024-03-26,S03,SKU001,10.49,0,0.0,10.49,12.447240829467773,130.57155630111694,78.2931448173523
2024-03-26,S03,SKU002,15.49,0,0.0,15.49,20.25987434387207,313.82545358657836,178.0842954826355
2024-03-26,S03,SKU003,21.99,0,0.0,21.99,12.681182861328125,278.85921112060544,158.38797393798825
2024-03-26,S04,SKU001,10.49,0,0.0,10.49,12.311675071716309,129.14947150230407,77.44043620109557
2024-03-26,S04,SKU002,15.49,0,0.0,15.49,12.471817016601562,193.1884455871582,109.62727157592774
2024-03-26,S04,SKU003,21.99,0,0.0,21.99,12.628589630126953,277.7026859664917,157.73108448028563
2024-03-26,S05,SKU001,10.49,0,0.0,10.49,11.84385871887207,124.24207796096802,74.49787134170532
2024-03-26,S05,SKU002,15.49,0,0.0,15.49,12.447240829467773,192.8077604484558,109.41124689102172
2024-03-26,S05,SKU003,21.99,0,0.0,21.99,20.25987434387207,445.5146368217468,253.04583055496215
2024-03-27,S01,SKU001,10.49,0,0.0,10.49,12.463418006896973,130.74125489234925,78.39489926338196
2024-03-27,S01,SKU002,15.49,0,0.0,15.49,23.04038429260254,356.89555269241333,202.5249779319763
2024-03-27,S01,SKU003,21.99,0,0.0,21.99,12.67717456817627,278.77106875419616,158.3379103565216
2024-03-27,S02,SKU001,10.49,0,0.0,10.49,12.268739700317383,128.69907945632934,77.17037271499633
2024-03-27,S02,SKU002,15.49,0,0.0,15.49,11.917182922363281,184.59716346740723,104.75203788757324
2024-03-27,S02,SKU003,21.99,0,0.0,21.99,11.820773124694824,259.93880101203916,147.64145632743833
2024-03-27,S03,SKU001,10.49,0,0.0,10.49,12.004103660583496,125.92304739952088,75.5058120250702
2024-03-27,S03,SKU002,15.49,0,0.0,15.49,12.463418006896973,193.0583449268341,109.55344428062439
2024-03-27,S03,SKU003,21.99,0,0.0,21.99,23.04038429260254,506.6580505943298,287.77439981460566
2024-03-27,S04,SKU001,10.49,0,0.0,10.49,12.67717456817627,132.98356122016907,79.73942803382873
2024-03-27,S04,SKU002,15.49,0,0.0,15.49,12.268739700317383,190.04277795791626,107.84222196578979
2024-03-27,S04,SKU003,21.99,0,0.0,21.99,11.917182922363281,262.0588524627685,148.84561470031736
2024-03-27,S05,SKU001,10.49,0,0.0,10.49,11.820773124694824,123.99991007804871,74.35266295433044
2024-03-27,S05,SKU002,15.49,0,0.0,15.49,12.004103660583496,185.94356570243835,105.51607117652892
2024-03-27,S05,SKU003,21.99,0,0.0,21.99,12.463418006896973,274.0705619716644,155.66809090614316
2024-03-28,S01,SKU001,10.49,0,0.0,10.49,23.04038429260254,241.69363122940064,144.92401720046996
2024-03-28,S01,SKU002,15.49,0,0.0,15.49,12.67717456817627,196.3694340610504,111.4323644542694
2024-03-28,S01,SKU003,21.99,0,0.0,21.99,12.268739700317383,269.78958600997925,153.2365588569641
2024-03-28,S02,SKU001,10.49,0,0.0,10.49,11.917182922363281,125.01124885559082,74.95908058166503
2024-03-28,S02,SKU002,15.49,0,0.0,15.49,11.820773124694824,183.10377570152284,103.90459576606752
2024-03-28,S02,SKU003,21.99,0,0.0,21.99,12.004103660583496,263.97023949623104,149.93125472068783
2024-03-28,S03,SKU001,10.49,0,0.0,10.49,12.463418006896973,130.74125489234925,78.39489926338196
2024-03-28,S03,SKU002,15.49,0,0.0,15.49,23.04038429260254,356.89555269241333,202.5249779319763
2024-03-28,S03,SKU003,21.99,0,0.0,21.99,12.67717456817627,278.77106875419616,158.3379103565216
2024-03-28,S04,SKU001,10.49,0,0.0,10.49,12.268739700317383,128.69907945632934,77.17037271499633
2024-03-28,S04,SKU002,15.49,0,0.0,15.49,11.917182922363281,184.59716346740723,104.75203788757324
2024-03-28,S04,SKU003,21.99,0,0.0,21.99,11.820773124694824,259.93880101203916,147.64145632743833
2024-03-28,S05,SKU001,10.49,0,0.0,10.49,12.004103660583496,125.92304739952088,75.5058120250702
2024-03-28,S05,SKU002,15.49,0,0.0,15.49,12.463418006896973,193.0583449268341,109.55344428062439
2024-03-28,S05,SKU003,21.99,0,0.0,21.99,23.04038429260254,506.6580505943298,287.77439981460566
2024-03-29,S01,SKU001,10.49,0,0.0,10.49,12.411179542541504,130.19327340126037,78.06631932258605
2024-03-29,S01,SKU002,15.49,0,0.0,15.49,28.8041934967041,446.1769572639465,253.18886083602902
2024-03-29,S01,SKU003,21.99,0,0.0,21.99,12.583348274230957,276.7078285503387,157.16601994514463
2024-03-29,S02,SKU001,10.49,0,0.0,10.49,12.21462345123291,128.13140000343324,76.82998150825502
2024-03-29,S02,SKU002,15.49,0,0.0,15.49,11.880084991455078,184.02251651763916,104.42594707489013
2024-03-29,S02,SKU003,21.99,0,0.0,21.99,12.084352493286133,265.73491132736206,150.9335626411438
2024-03-29,S03,SKU001,10.49,0,0.0,10.49,11.964622497558594,125.50888999938965,75.25747550964356
2024-03-29,S03,SKU002,15.49,0,0.0,15.49,12.411179542541504,192.2491711139679,109.09426817893981
2024-03-29,S03,SKU003,21.99,0,0.0,21.99,28.8041934967041,633.4042149925232,359.7643767738342
2024-03-29,S04,SKU001,10.49,0,0.0,10.49,12.583348274230957,131.99932339668274,79.14926064491272
2024-03-29,S04,SKU002,15.49,0,0.0,15.49,12.21462345123291,189.2045172595978,107.36654013633729
2024-03-29,S04,SKU003,21.99,0,0.0,21.99,11.880084991455078,261.24306896209714,148.3822615432739
2024-03-29,S05,SKU001,10.49,0,0.0,10.49,12.084352493286133,126.76485765457154,76.01057718276978
2024-03-29,S05,SKU002,15.49,0,0.0,15.49,11.964622497558594,185.33200248718262,105.16903175354004
2024-03-29,S05,SKU003,21.99,0,0.0,21.99,12.411179542541504,272.92183814048764,155.01563248634335
2024-03-30,S01,SKU001,9.091333333333331,1,0.1333333333333334,10.49,28.8041934967041,261.86852447636915,140.89091179021193
2024-03-30,S01,SKU002,13.424666666666669,1,0.1333333333333333,15.49,12.583348274230957,168.92725613212588,84.61882269477846
2024-03-30,S01,SKU003,17.592,1,0.2,21.99,12.21462345123291,214.87965575408933,98.84073296737668
2024-03-30,S02,SKU001,9.091333333333331,1,0.1333333333333334,10.49,11.880084991455078,108.00581268564858,58.10945572153725
2024-03-30,S02,SKU002,13.424666666666669,1,0.1333333333333333,15.49,12.084352493286133,162.2284041048686,81.26324239985149
2024-03-30,S02,SKU003,17.592,1,0.2,21.99,11.964622497558594,210.48163897705078,96.81772525024414
2024-03-30,S03,SKU001,9.091333333333331,1,0.1333333333333334,10.49,12.411179542541504,112.8341702810923,60.70721620241798
2024-03-30,S03,SKU002,13.424666666666669,1,0.1333333333333333,15.49,28.8041934967041,386.6866962954204,193.6985998675029
2024-03-30,S03,SKU003,17.592,1,0.2,21.99,12.583348274230957,221.366262840271,101.8244542350769
2024-03-30,S04,SKU001,9.091333333333331,1,0.1333333333333334,10.49,12.21462345123291,111.04721333630877,59.74579484113055
2024-03-30,S04,SKU002,13.424666666666669,1,0.1333333333333333,15.49,11.880084991455078,159.48618098195396,79.88961153920494
2024-03-30,S04,SKU003,17.592,1,0.2,21.99,12.084352493286133,212.58792906188964,97.78658037567138
2024-03-30,S05,SKU001,9.091333333333331,1,0.1333333333333334,10.49,11.964622497558594,108.77437133280434,58.52295684305824
2024-03-30,S05,SKU002,13.424666666666669,1,0.1333333333333333,15.49,12.411179542541504,166.6159482987722,83.46104536374412
2024-03-30,S05,SKU003,17.592,1,0.2,21.99,28.8041934967041,506.7233719940185,233.08353377532956
